Plate,Well ,Nutrients,Treatment,area_LM_day00,area_SP_day00,area_WB_day00,area_TOT_day00,comp_LM_day00,comp_SP_day00,comp_WB_day00,area_LM_day02,area_SP_day02,area_WB_day02,area_TOT_day02,comp_LM_day02,comp_SP_day02,comp_WB_day02,area_LM_day04,area_SP_day04,area_WB_day04,area_TOT_day04,comp_LM_day04,comp_SP_day04,comp_WB_day04,area_LM_day06,area_SP_day06,area_WB_day06,area_TOT_day06,comp_LM_day06,comp_SP_day06,comp_WB_day06,area_LM_day08,area_SP_day08,area_WB_day08,area_TOT_day08,comp_LM_day08,comp_SP_day08,comp_WB_day08,area_LM_day10,area_SP_day10,area_WB_day10,area_TOT_day10,comp_LM_day10,comp_SP_day10,comp_WB_day10
A,1,low,Blank,0,0,0,0,0,0,0,0,0,0,0,0,0,0,0,0,0,0,0,0,0,0,0,0,0,0,0,0,0,0,0,0,0,0,0,0,0,0,0,0,0,0
A,2,low,LM,46.374,0,0,46.374,100,0,0,48.849,0,0,48.849,100,0,0,64.585,0,0,64.585,`,0,0,77.692,0,0,77.692,`,0,0,85.586,0,0,85.586,`,0,0,99.607,0,0,99.607,`,0,0
A,3,low,SP,0,58.251,0,58.251,0,100,0,0,76.941,0,76.941,0,100,0,0,101.003,0,101.003,0,100,0,0,111.415,0,111.415,0,100,0,0,126.543,0,126.543,0,100,0,0,139.811,0,139.811,0,100,0
A,4,high,Blank,0,0,0,0,0,0,0,0,0,0,0,0,0,0,0,0,0,0,0,0,0,0,0,0,0,0,0,0,0,0,0,0,0,0,0,0,0,0,0,0,0,0
A,5,high,LM,44.223,0,0,44.223,100,0,0,58.71,0,0,58.71,100,0,0,118.709,0,0,118.709,100,0,0,218.145,0,0,218.145,100,0,0,341.77,0,0,341.77,100,0,0,446.207,0,0,446.207,100,0,0
A,6,high,SP,0,72.015,0,72.015,0,100,0,0,104.889,0,104.889,0,100,0,0,219.001,0,219.001,0,100,0,0,372.054,0,372.054,0,100,0,0,547.758,0,547.758,0,100,0,0,740.642,0,740.642,0,100,0
B,1,high,WB,0,0,24.042,24.042,0,0,100,0,0,53.94,53.94,0,0,100,0,0,110.643,110.643,0,0,100,0,0,191.422,191.422,0,0,100,0,0,251.377,251.377,0,0,100,0,0,292.96,292.96,0,0,100
B,2,high,LM & SP,25.582,62.811,0,88.393,28.94120575,71.05879425,0,50.127,82.317,0,132.444,37.84769412,62.15230588,0,96.108,139.622,0,235.73,40.77037288,59.22962712,0,159.121,229.055,0,388.176,40.99197271,59.00802729,0,223.004,300.779,0,523.783,42.57564679,57.42435321,0,305.723,358.767,0,664.49,46.0086683,53.9913317,0
B,3,high,LM & WB,29.96,0,17.347,47.307,63.3310081,0,36.6689919,53.969,0,62.464,116.433,46.35197925,0,53.64802075,97.556,0,102.256,199.812,48.82389446,0,51.17610554,149.517,0,137.067,286.584,52.17213801,0,47.82786199,198.739,0,132.197,330.936,60.05360553,0,39.94639447,245.768,0,120.917,366.685,67.02428515,0,32.97571485
B,4,low,WB,0,0,41.408,41.408,0,0,100,0,0,63.862,63.862,0,0,100,0,0,75.2,75.2,0,0,100,0,0,63.989,63.989,0,0,100,0,0,61.095,61.095,0,0,100,0,0,51.444,51.444,0,0,100
B,5,low,LM & SP,37.644,40.787,0,78.431,47.99632798,52.00367202,0,50.235,57.303,0,107.538,46.7137198,53.2862802,0,60.198,66.692,0,126.89,47.44109071,52.55890929,0,67.365,76.036,0,143.401,46.97665986,53.02334014,0,68.521,78.024,0,146.545,46.75765123,53.24234877,0,73.288,80.459,0,153.747,47.66792198,52.33207802,0
B,6,low,LM & WB,19.676,0,22.635,42.311,46.50327338,0,53.49672662,28.436,0,59.551,87.987,32.31841067,0,67.68158933,38.324,0,59.315,97.639,39.25070925,0,60.74929075,45.916,0,54.855,100.771,45.56469619,0,54.43530381,50.403,0,45.934,96.337,52.31946189,0,47.68053811,49.859,0,40.977,90.836,54.88903078,0,45.11096922
C,1,low,SP & WB,0,40.362,26.237,66.599,0,60.60451358,39.39548642,0,63.977,52.399,116.376,0,54.97439335,45.02560665,0,67.711,39.98,107.691,0,62.87526349,37.12473651,0,78.964,41.477,120.441,0,65.56239154,34.43760846,0,76.818,34.922,111.74,0,68.74709146,31.25290854,0,69.741,26.956,96.697,0,72.1232303,27.8767697
C,2,low,LM & SP & WB,34.722,43.148,23.382,101.252,34.29265595,42.61446687,23.09287718,45.103,53.892,39.507,138.502,32.56487271,38.91062945,28.52449784,54.772,58.432,36.589,149.793,36.56512654,39.00849839,24.42637506,54.422,73.895,42.937,171.254,31.7785278,43.1493571,25.0721151,56.943,69.64,37.174,163.757,34.77286467,42.52642635,22.70070898,57.467,66.676,27.124,151.267,37.99044074,44.07835152,17.93120773
C,3,low,Blank,0,0,0,0,0,0,0,0,0,0,0,0,0,0,0,0,0,0,0,0,0,0,0,0,0,0,0,0,0,0,0,0,0,0,0,0,0,0,0,0,0,0
C,4,high,SP & WB,0,57.518,32.571,90.089,0,63.84575253,36.15424747,0,82.801,59.557,142.358,0,58.16392475,41.83607525,0,131.134,100.173,231.307,0,56.69262063,43.30737937,0,222.464,192.569,415.033,0,53.60152084,46.39847916,0,296.38,182.298,478.678,0,61.91636131,38.08363869,0,333.935,164.468,498.403,0,67.0010012,32.9989988
C,5,high,LM & SP & WB,33.774,21.838,29.58,85.192,39.64456757,25.63386233,34.7215701,57.372,33.496,54.189,145.057,39.55134878,23.09161226,37.35703896,92.257,59.09,81.53,232.877,39.61619224,25.37390983,35.00989793,155.022,107.661,147.521,410.204,37.79144036,26.24572164,35.962838,202.476,150.749,138.658,491.883,41.16344741,30.64732873,28.18922386,265.266,179.734,121.567,566.567,46.81988185,31.72334428,21.45677387
C,6,high,Blank,0,0,0,0,0,0,0,0,0,0,0,0,0,0,0,0,0,0,0,0,0,0,0,0,0,0,0,0,0,0,0,0,0,0,0,0,0,0,0,0,0,0
D,1,high,LM,43.784,0,0,43.784,100,0,0,67.93,0,0,67.93,100,0,0,128.618,0,0,128.618,100,0,0,263.005,0,0,263.005,100,0,0,406.652,0,0,406.652,100,0,0,521.473,0,0,521.473,100,0,0
D,2,high,SP,0,61.64,0,61.64,0,100,0,0,72.502,0,72.502,0,100,0,0,83.218,0,83.218,0,100,0,0,138.949,0,138.949,0,100,0,0,243.344,0,243.344,0,100,0,0,350.656,0,350.656,0,100,0
D,3,high,WB,0,0,76.611,76.611,0,0,100,0,0,116.066,116.066,0,0,100,0,0,183.023,183.023,0,0,100,0,0,341.817,341.817,0,0,100,0,0,391.347,391.347,0,0,100,0,0,374.507,374.507,0,0,100
D,4,low,LM,59.023,0,0,59.023,100,0,0,70.759,0,0,70.759,100,0,0,81.506,0,0,81.506,100,0,0,102.066,0,0,102.066,100,0,0,106.773,0,0,106.773,100,0,0,99.625,0,0,99.625,100,0,0
D,5,low,SP,0,74.133,0,74.133,0,100,0,0,79.287,0,79.287,0,100,0,0,87.307,0,87.307,0,100,0,0,97.793,0,97.793,0,100,0,0,105.191,0,105.191,0,100,0,0,108.157,0,108.157,0,100,0
D,6,low,WB,0,0,74.262,74.262,0,0,100,0,0,100.844,100.844,0,0,100,0,0,73.986,73.986,0,0,100,0,0,102.943,102.943,0,0,100,0,0,88.36,88.36,0,0,100,0,0,68.032,68.032,0,0,100
E,1,low,LM & SP,30.398,76.967,0,107.365,28.31276487,71.68723513,0,37.407,86.309,0,123.716,30.2361861,69.7638139,0,52.41,95.769,0,148.179,35.36938433,64.63061567,0,57.357,109.881,0,167.238,34.29663115,65.70336885,0,65.956,115.538,0,181.494,36.34059528,63.65940472,0,62.936,90.406,0,153.342,41.04289758,58.95710242,0
E,2,low,LM & WB,33.43,0,40.691,74.121,45.10192793,0,54.89807207,43.701,0,57.263,100.964,43.2837447,0,56.7162553,55.195,0,51.615,106.81,51.67587305,0,48.32412695,60.641,0,46.393,107.034,56.65582899,0,43.34417101,70.261,0,53.145,123.406,56.93483299,0,43.06516701,73.865,0,41.809,115.674,63.85618203,0,36.14381797
E,3,low,SP & WB,0,31.948,43.272,75.22,0,42.47274661,57.52725339,0,38.422,57.509,95.931,0,40.05170383,59.94829617,0,40.807,52.845,93.652,0,43.57301499,56.42698501,0,40.825,44.169,84.994,0,48.03280232,51.96719768,0,46.71,48.218,94.928,0,49.2057138,50.7942862,0,44.962,43.189,88.151,0,51.00566074,48.99433926
E,4,high,LM & SP,32.468,32.145,0,64.613,50.2499497,49.7500503,0,58.012,43.11,0,101.122,57.36832737,42.63167263,0,113.114,89.112,0,202.226,55.93444958,44.06555042,0,196.202,158.349,0,354.551,55.3381601,44.6618399,0,287.709,219.456,0,507.165,56.72887522,43.27112478,0,359.423,258.442,0,617.865,58.17176891,41.82823109,0
E,5,high,LM & WB,34.814,0,33.96,68.774,50.62087417,0,49.37912583,60.267,0,50.507,110.774,54.40536588,0,45.59463412,112.648,0,93.735,206.383,54.58201499,0,45.41798501,180.233,0,142.929,323.162,55.77171821,0,44.22828179,282.759,0,186.436,469.195,60.2647087,0,39.7352913,356.263,0,156.737,513,69.44697856,0,30.55302144
E,6,high,SP & WB,0,39.926,53.977,93.903,0,42.5183434,57.4816566,0,49.916,76.558,126.474,0,39.46740041,60.53259959,0,79.94,137.124,217.064,0,36.82784801,63.17215199,0,118.717,174.006,292.723,0,40.55608886,59.44391114,0,167.872,239.733,407.605,0,41.18497074,58.81502926,0,224.168,216.113,440.281,0,50.91475671,49.08524329
F,1,high,LM & SP & WB,36.183,39.078,26.601,101.862,35.52158803,38.36366849,26.11474348,51.484,58.001,45.733,155.218,33.16883351,37.3674445,29.46372199,106.085,108.749,72.773,287.607,36.88540265,37.81166661,25.30293074,168.514,178.059,113.545,460.118,36.62408339,38.69855124,24.67736537,226.938,230.46,126.711,584.109,38.85199509,39.45496474,21.69304017,269.479,271.377,99.908,640.764,42.05588953,42.35209843,15.59201204
F,2,high,Blank,0,0,0,0,0,0,0,0,0,0,0,0,0,0,0,0,0,0,0,0,0,0,0,0,0,0,0,0,0,0,0,0,0,0,0,0,0,0,0,0,0,0
F,3,high,LM,47.52,0,0,47.52,100,0,0,71.872,0,0,71.872,100,0,0,167.725,0,0,167.725,100,0,0,273.464,0,0,273.464,100,0,0,392.16,0,0,392.16,100,0,0,528.707,0,0,528.707,100,0,0
F,4,low,LM & SP & WB,27.186,33.844,27.079,88.109,30.85496374,38.41151301,30.73352325,29.482,38.969,45.074,113.525,25.96961022,34.32635983,39.70402995,44.406,47.698,49.49,141.594,31.36149837,33.68645564,34.95204599,51.996,58.367,56.046,166.409,31.24590617,35.07442506,33.67966877,58.134,63.616,55.554,177.304,32.78775437,35.87961919,31.33262645,57.491,58.444,37.872,153.807,37.37866287,37.99827056,24.62306657
F,5,low,Blank,0,0,0,0,0,0,0,0,0,0,0,0,0,0,0,0,0,0,0,0,0,0,0,0,0,0,0,0,0,0,0,0,0,0,0,0,0,0,0,0,0,0
F,6,low,LM,53.7,0,0,53.7,100,0,0,66.475,0,0,66.475,100,0,0,98.773,0,0,98.773,100,0,0,107.474,0,0,107.474,100,0,0,120.922,0,0,120.922,100,0,0,113.662,0,0,113.662,100,0,0
G,1,low,SP,0,97.541,0,97.541,0,100,0,0,133.57,0,133.57,0,100,0,0,155.766,0,155.766,0,100,0,0,166.082,0,166.082,0,100,0,0,170.874,0,170.874,0,100,0,0,173.452,0,173.452,0,100,0
G,2,low,WB,0,0,70.231,70.231,0,0,100,0,0,97.372,97.372,0,0,100,0,0,104.429,104.429,0,0,100,0,0,87.545,87.545,0,0,100,0,0,93.12,93.12,0,0,100,0,0,81.842,81.842,0,0,100
G,3,low,LM & SP,38.419,44.405,0,82.824,46.38631315,53.61368685,0,46.413,53.608,0,100.021,46.40325532,53.59674468,0,53.307,59.423,0,112.73,47.28732369,52.71267631,0,56.668,61.192,0,117.86,48.0807738,51.9192262,0,51.446,67.997,0,119.443,43.07159063,56.92840937,0,41.813,67.046,0,108.859,38.4102371,61.5897629,0
G,4,high,SP,0,91.534,0,91.534,0,100,0,0,159.337,0,159.337,0,100,0,0,312.981,0,312.981,0,100,0,0,534.839,0,534.839,0,100,0,0,736.715,0,736.715,0,100,0,0,881.448,0,881.448,0,100,0
G,5,high,WB,0,0,83.778,83.778,0,0,100,0,0,122.68,122.68,0,0,100,0,0,234.37,234.37,0,0,100,0,0,327.044,327.044,0,0,100,0,0,466.565,466.565,0,0,100,0,0,514.448,514.448,0,0,100
G,6,high,LM & SP,32.559,70.005,0,102.564,31.74505675,68.25494325,0,59.316,112.103,0,171.419,34.602932,65.397068,0,94.842,124.197,0,219.039,43.29913851,56.70086149,0,140.636,195.326,0,335.962,41.86068663,58.13931337,0,184.105,265.788,0,449.893,40.92195255,59.07804745,0,238.128,338.245,0,576.373,41.31491239,58.68508761,0
H,1,high,LM & WB,30.911,0,35.689,66.6,46.41291291,0,53.58708709,47.476,0,50.837,98.313,48.29066349,0,51.70933651,90.328,0,109.366,199.694,45.23320681,0,54.76679319,146.143,0,151.192,297.335,49.15095767,0,50.84904233,224.538,0,189.439,413.977,54.23924518,0,45.76075482,278.726,0,178.241,456.967,60.99477643,0,39.00522357
H,2,high,SP & WB,0,44.035,33.285,77.32,0,56.95162959,43.04837041,0,53.873,48.059,101.932,0,52.85190127,47.14809873,0,84.721,91.905,176.626,0,47.96632432,52.03367568,0,130.755,146.389,277.144,0,47.17944462,52.82055538,0,208.866,232.619,441.485,0,47.30987463,52.69012537,0,287.546,266.659,554.205,0,51.884411,48.115589
H,3,high,LM & SP & WB,19.483,22.836,25.88,68.199,28.56786756,33.48436194,37.9477705,28.839,26.595,40.278,95.712,30.13101805,27.78648445,42.08249749,61.486,40.711,75.023,177.22,34.69472971,22.97201219,42.3332581,97.211,65.059,105.328,267.598,36.32725207,24.31221459,39.36053334,145.642,90.544,170.223,406.409,35.83631268,22.27903417,41.88465314,208.179,119.791,191.386,519.356,40.08406565,23.06529625,36.8506381
H,4,low,LM & WB,32.84,0,39.731,72.571,45.25223574,0,54.74776426,38.034,0,49.166,87.2,43.61697248,0,56.38302752,50.668,0,50.043,100.711,50.31029381,0,49.68970619,56.913,0,47.241,104.154,54.6431246,0,45.3568754,64.872,0,49.049,113.921,56.94472485,0,43.05527515,72.999,0,44.986,117.985,61.87142433,0,38.12857567
H,5,low,SP & WB,0,48.93,48.668,97.598,0,50.13422406,49.86577594,0,59.518,57.165,116.683,0,51.00828741,48.99171259,0,60.564,63.421,123.985,0,48.8478445,51.1521555,0,62.696,54.085,116.781,0,53.68681549,46.31318451,0,70.199,56.595,126.794,0,55.36460716,44.63539284,0,67.04,42.689,109.729,0,61.09597281,38.90402719
H,6,low,LM & SP & WB,15.702,38.946,41.234,95.882,16.3763793,40.61867712,43.00494358,22.235,43.353,62.316,127.904,17.38413185,33.89495246,48.72091569,30.244,38.19,53.906,122.34,24.7212686,31.21628249,44.06244891,26.758,47.794,46.642,121.194,22.07865076,39.43594567,38.48540357,34.159,50.17,54.21,138.539,24.65659489,36.21362938,39.12977573,38.632,43.418,37.711,119.761,32.25757968,36.2538723,31.48854802
I,1,low,Blank,0,0,0,0,0,0,0,0,0,0,0,0,0,0,0,0,0,0,0,0,0,0,0,0,0,0,0,0,0,0,0,0,0,0,0,0,0,0,0,0,0,0
I,2,low,LM,52.172,0,0,52.172,100,0,0,75.317,0,0,75.317,100,0,0,97.996,0,0,97.996,100,0,0,120.64,0,0,120.64,100,0,0,124.314,0,0,124.314,100,0,0,133.409,0,0,133.409,100,0,0
I,3,low,SP,0,66.557,0,66.557,0,100,0,0,82.92,0,82.92,0,100,0,0,102.073,0,102.073,0,100,0,0,109.825,0,109.825,0,100,0,0,112.255,0,112.255,0,100,0,0,121.388,0,121.388,0,100,0
I,4,high,Blank,0,0,0,0,0,0,0,0,0,0,0,0,0,0,0,0,0,0,0,0,0,0,0,0,0,0,0,0,0,0,0,0,0,0,0,0,0,0,0,0,0,0
I,5,high,LM,31.539,0,0,31.539,100,0,0,52.993,0,0,52.993,100,0,0,101.997,0,0,101.997,100,0,0,194.305,0,0,194.305,100,0,0,315.114,0,0,315.114,100,0,0,471.341,0,0,471.341,100,0,0
I,6,high,SP,0,79.173,0,79.173,0,100,0,0,101.348,0,101.348,0,100,0,0,180.112,0,180.112,0,100,0,0,330.691,0,330.691,0,100,0,0,478.351,0,478.351,0,100,0,0,652.257,0,652.257,0,100,0
J,1,high,WB,0,0,78.836,78.836,0,0,100,0,0,84.304,84.304,0,0,100,0,0,151.224,151.224,0,0,100,0,0,283.68,283.68,0,0,100,0,0,337.516,337.516,0,0,100,0,0,410.219,410.219,0,0,100
J,2,high,LM & SP,41.702,62.167,0,103.869,40.14864878,59.85135122,0,57.669,73.883,0,131.552,43.8374179,56.1625821,0,75.152,100.733,0,175.885,42.72791881,57.27208119,0,110.092,147.629,0,257.721,42.71751235,57.28248765,0,129.368,153.396,0,282.764,45.75122717,54.24877283,0,147.311,162.674,0,309.985,47.52197687,52.47802313,0
J,3,high,LM & WB,34.514,0,54.08,88.594,38.95749148,0,61.04250852,55.563,0,53.229,108.792,51.07268917,0,48.92731083,88.728,0,103.702,192.43,46.10923453,0,53.89076547,148.187,0,171.76,319.947,46.31610861,0,53.68389139,208.566,0,181.209,389.775,53.50933231,0,46.49066769,277.171,0,194.838,472.009,58.7215498,0,41.2784502
J,4,low,WB,0,0,109.752,109.752,0,0,100,0,0,99.836,99.836,0,0,100,0,0,79.715,79.715,0,0,100,0,0,87.143,87.143,0,0,100,0,0,73.446,73.446,0,0,100,0,0,68.624,68.624,0,0,100
J,5,low,LM & SP,60.101,48.84,0,108.941,55.1683939,44.8316061,0,65.549,60.754,0,126.303,51.89821303,48.10178697,0,71.872,58.855,0,130.727,54.97869606,45.02130394,0,84.074,61.185,0,145.259,57.87868566,42.12131434,0,91.783,64.372,0,156.155,58.77685633,41.22314367,0,85.814,61.377,0,147.191,58.30111895,41.69888105,0
J,6,low,LM & WB,40.09,0,49.601,89.691,44.69790726,0,55.30209274,48.089,0,40.703,88.792,54.15915848,0,45.84084152,59.716,0,48.315,108.031,55.27672612,0,44.72327388,70.363,0,46.492,116.855,60.21394035,0,39.78605965,73.203,0,38.262,111.465,65.67352981,0,34.32647019,80.454,0,35.166,115.62,69.58484691,0,30.41515309
K,1,low,SP & WB,0,61.232,46.674,107.906,0,56.74568606,43.25431394,0,57.189,44.712,101.901,0,56.12211853,43.87788147,0,62.193,49.297,111.49,0,55.78347834,44.21652166,0,69.5,48.253,117.753,0,59.02185082,40.97814918,0,40.899,66.721,107.62,0,38.00315926,61.99684074,0,69.684,37.688,107.372,0,64.89960139,35.10039861
K,2,low,LM & SP & WB,29.703,33.216,53.63,116.549,25.48541815,28.49960103,46.01498082,31.115,34.507,37.441,103.063,30.19027197,33.48146279,36.32826524,42.766,37.733,41.239,121.738,35.12954049,30.9952521,33.87520741,49.121,39.104,38.101,126.326,38.88431518,30.95483115,30.16085366,52.685,47.685,31.552,131.922,39.93647762,36.14635921,23.91716317,58.882,47.894,28.793,135.569,43.43323326,35.32813549,21.23863125
K,3,low,Blank,0,0,0,0,0,0,0,0,0,0,0,0,0,0,0,0,0,0,0,0,0,0,0,0,0,0,0,0,0,0,0,0,0,0,0,0,0,0,0,0,0,0
K,4,high,SP & WB,0,57.431,77.637,135.068,0,42.52006397,57.47993603,0,65.046,69.978,135.024,0,48.17365802,51.82634198,0,87.722,142.505,230.227,0,38.10239459,61.89760541,0,133.33,218.324,351.654,0,37.91510974,62.08489026,0,183.808,255.088,438.896,0,41.87962524,58.12037476,0,228.02,275.795,503.815,0,45.2586763,54.7413237
K,5,high,LM & SP & WB,40.838,61.649,60.151,162.638,25.10975295,37.9056555,36.98459155,55.649,84.22,46.35,186.219,29.88363164,45.22631955,24.89004881,91.522,133.288,86.225,311.035,29.42498433,42.85305512,27.72196055,139.757,210.582,122.979,473.318,29.52708327,44.49059617,25.98232055,187.03,274.937,123.091,585.058,31.96777072,46.99311863,21.03911065,231.417,336.562,122.555,690.534,33.51275969,48.73938141,17.7478589
K,6,high,Blank,0,0,0,0,0,0,0,0,0,0,0,0,0,0,0,0,0,0,0,0,0,0,0,0,0,0,0,0,0,0,0,0,0,0,0,0,0,0,0,0,0,0
L,1,high,LM,58.242,0,0,58.242,100,0,0,80.467,0,0,80.467,100,0,0,148.961,0,0,148.961,100,0,0,234.586,0,0,234.586,100,0,0,329.498,0,0,329.498,100,0,0,443.876,0,0,443.876,100,0,0
L,2,high,SP,0,90.344,0,90.344,0,100,0,0,119.915,0,119.915,0,100,0,0,191.217,0,191.217,0,100,0,0,317.201,0,317.201,0,100,0,0,416.315,0,416.315,0,100,0,0,557.775,0,557.775,0,100,0
L,3,high,WB,0,0,83.878,83.878,0,0,100,0,0,90.245,90.245,0,0,100,0,0,191.414,191.414,0,0,100,0,0,290.788,290.788,0,0,100,0,0,391.171,391.171,0,0,100,0,0,488.132,488.132,0,0,100
L,4,low,LM,52.528,0,0,52.528,100,0,0,64.926,0,0,64.926,100,0,0,83.523,0,0,83.523,100,0,0,94.922,0,0,94.922,100,0,0,104.516,0,0,104.516,100,0,0,107.997,0,0,107.997,100,0,0
L,5,low,SP,0,122.693,0,122.693,0,100,0,0,153.886,0,153.886,0,100,0,0,181.573,0,181.573,0,100,0,0,204.947,0,204.947,0,100,0,0,220.1,0,220.1,0,100,0,0,216.268,0,216.268,0,100,0
L,6,low,WB,0,0,92.153,92.153,0,0,100,0,0,89.128,89.128,0,0,100,0,0,122.851,122.851,0,0,100,0,0,101.253,101.253,0,0,100,0,0,86.597,86.597,0,0,100,0,0,81.835,81.835,0,0,100
M,1,low,LM & SP,27.723,31.672,0,59.395,46.6756461,53.3243539,0,39.63,40.244,0,79.874,49.61564464,50.38435536,0,50.87,45.264,0,96.134,52.9157218,47.0842782,0,49.261,54.265,0,103.526,47.58321581,52.41678419,0,49.348,56.516,0,105.864,46.6145243,53.3854757,0,50.802,58.499,0,109.301,46.47898921,53.52101079,0
M,2,low,LM & WB,28.446,0,70.763,99.209,28.67280186,0,71.32719814,38.589,0,78.932,117.521,32.8358336,0,67.1641664,49.32,0,84.916,134.236,36.74126166,0,63.25873834,55.923,0,61.017,116.94,47.82195998,0,52.17804002,60.944,0,57.199,118.143,51.58494367,0,48.41505633,61.535,0,48.999,110.534,55.67065337,0,44.32934663
M,3,low,SP & WB,0,62.347,72.924,135.271,0,46.09044067,53.90955933,0,75.402,66.876,142.278,0,52.99624678,47.00375322,0,86.917,90.025,176.942,0,49.12174611,50.87825389,0,92.839,63.623,156.462,0,59.3364523,40.6635477,0,96.587,51.082,147.669,0,65.40777008,34.59222992,0,90.938,45.671,136.609,0,66.56808849,33.43191151
M,4,high,LM & SP,27.684,67.645,0,95.329,29.04048086,70.95951914,0,42.426,103.967,0,146.393,28.9808939,71.0191061,0,84.961,190.756,0,275.717,30.81456711,69.18543289,0,125.805,296.718,0,422.523,29.77471049,70.22528951,0,175.093,393.087,0,568.18,30.81646661,69.18353339,0,227.001,505.978,0,732.979,30.96964579,69.03035421,0
M,5,high,LM & WB,36.335,0,55.7,92.035,39.47954582,0,60.52045418,64.02,0,88.103,152.123,42.08436594,0,57.91563406,110.746,0,148.042,258.788,42.79410174,0,57.20589826,161.653,0,172.788,334.441,48.33528186,0,51.66471814,222.79,0,225.942,448.732,49.64878814,0,50.35121186,311.694,0,226.261,537.955,57.94053406,0,42.05946594
M,6,high,SP & WB,0,50.753,67.381,118.134,0,42.96222933,57.03777067,0,73.409,80.062,153.471,0,47.83248953,52.16751047,0,123.89,177.74,301.63,0,41.07350065,58.92649935,0,173.305,217.135,390.44,0,44.38710173,55.61289827,0,220.741,250.477,471.218,0,46.84477248,53.15522752,0,309.435,256.149,565.584,0,54.7107061,45.2892939
N,1,high,LM & SP & WB,34.01,50.465,43.984,128.459,26.47537347,39.28490803,34.23971851,49.183,61.462,45.389,156.034,31.52069421,39.39013292,29.08917287,91.114,106.327,82.785,280.226,32.51447046,37.94330291,29.54222663,137.524,170.968,110.949,419.441,32.78744806,40.76091751,26.45163444,183.701,223.535,125.978,533.214,34.45164606,41.92219259,23.62616135,223.61,264.612,109.397,597.619,37.41681573,44.27770871,18.30547556
N,2,high,Blank,0,0,0,0,0,0,0,0,0,0,0,0,0,0,0,0,0,0,0,0,0,0,0,0,0,0,0,0,0,0,0,0,0,0,0,0,0,0,0,0,0,0
N,3,high,LM,42.763,0,0,42.763,100,0,0,62.435,0,0,62.435,100,0,0,143.525,0,0,143.525,100,0,0,245.591,0,0,245.591,100,0,0,379.454,0,0,379.454,100,0,0,517.841,0,0,517.841,100,0,0
N,4,low,LM & SP & WB,22.359,46.872,42.376,111.607,20.03368964,41.99736576,37.9689446,28.755,49.517,38.458,116.73,24.63377024,42.42011479,32.94611497,35.488,53.118,37.669,126.275,28.10374183,42.0653336,29.83092457,46.777,58.055,40.833,145.665,32.1127244,39.85514708,28.03212851,59.931,56.431,41.263,157.625,38.02125297,35.80079302,26.177954,49.672,56.237,30,135.909,36.54798431,41.37842233,22.07359336
N,5,low,Blank,0,0,0,0,0,0,0,0,0,0,0,0,0,0,0,0,0,0,0,0,0,0,0,0,0,0,0,0,0,0,0,0,0,0,0,0,0,0,0,0,0,0
N,6,low,LM,53.313,0,0,53.313,100,0,0,64.401,0,0,64.401,100,0,0,94.716,0,0,94.716,100,0,0,99.557,0,0,99.557,100,0,0,125.963,0,0,125.963,100,0,0,129.315,0,0,129.315,100,0,0
O,1,low,SP,0,47.055,0,47.055,0,100,0,0,51.503,0,51.503,0,100,0,0,58.952,0,58.952,0,100,0,0,66.803,0,66.803,0,100,0,0,69.45,0,69.45,0,100,0,0,78.567,0,78.567,0,100,0
O,2,low,WB,0,0,73.771,73.771,0,0,100,0,0,79.923,79.923,0,0,100,0,0,81.836,81.836,0,0,100,0,0,66.877,66.877,0,0,100,0,0,79.494,79.494,0,0,100,0,0,62.883,62.883,0,0,100
O,3,low,LM & SP,24.784,43.515,0,68.299,36.28750055,63.71249945,0,35.253,46.903,0,82.156,42.90983008,57.09016992,0,44.557,52.471,0,97.028,45.92179577,54.07820423,0,49.102,53.798,0,102.9,47.71817298,52.28182702,0,58.792,55.965,0,114.757,51.23173314,48.76826686,0,72.366,53.52,0,125.886,57.48534388,42.51465612,0
O,4,high,SP,0,63.006,0,63.006,0,100,0,0,70.388,0,70.388,0,100,0,0,97.664,0,97.664,0,100,0,0,129.422,0,129.422,0,100,0,0,204.955,0,204.955,0,100,0,0,312.065,0,312.065,0,100,0
O,5,high,WB,0,0,58.727,58.727,0,0,100,0,0,90.807,90.807,0,0,100,0,0,149.02,149.02,0,0,100,0,0,223.276,223.276,0,0,100,0,0,395.969,395.969,0,0,100,0,0,423.779,423.779,0,0,100
O,6,high,LM & SP,30.936,40.43,0,71.366,43.34837317,56.65162683,0,50.392,51.356,0,101.748,49.52628061,50.47371939,0,91.183,98.414,0,189.597,48.09306054,51.90693946,0,142.561,149.098,0,291.659,48.87934197,51.12065803,0,205.644,205.576,0,411.22,50.00826808,49.99173192,0,271.584,234.425,0,506.009,53.67177264,46.32822736,0
P,1,high,LM & WB,35.671,0,39.903,75.574,47.20009527,0,52.79990473,61.67,0,61.988,123.658,49.87141956,0,50.12858044,102.12,0,94.902,197.022,51.83177513,0,48.16822487,164.596,0,156.584,321.18,51.24727567,0,48.75272433,214.132,0,155.614,369.746,57.91327019,0,42.08672981,272.998,0,164.055,437.053,62.46336257,0,37.53663743
P,2,high,SP & WB,0,49.888,47.891,97.779,0,51.02118042,48.97881958,0,64.288,74.371,138.659,0,46.36410186,53.63589814,0,110.493,111.292,221.785,0,49.8198706,50.1801294,0,179.028,191.699,370.727,0,48.29106054,51.70893946,0,257.981,215.07,473.051,0,54.53555748,45.46444252,0,342.124,241.394,583.518,0,58.63126759,41.36873241
P,3,high,LM & SP & WB,28.572,41.88,48.929,119.381,23.93345675,35.08095928,40.98558397,58.636,56.465,58.002,173.103,33.87347417,32.61930758,33.50721825,86.831,76.611,87.208,250.65,34.64232994,30.56493118,34.79273888,132.045,109.512,107.744,349.301,37.80264013,31.35175679,30.84560308,171.849,148.673,99.259,419.781,40.9377747,35.41680067,23.64542464,224.923,176.201,104.568,505.692,44.47825949,34.84354113,20.67819938
P,4,low,LM & WB,42.424,0,58.885,101.309,41.87584519,0,58.12415481,58.854,0,69.166,128.02,45.9725043,0,54.0274957,67.944,0,57.4,125.344,54.20602502,0,45.79397498,77.846,0,55.343,133.189,58.44776971,0,41.55223029,86.578,0,52.181,138.759,62.39451135,0,37.60548865,88.766,0,49.958,138.724,63.98748594,0,36.01251406
P,5,low,SP & WB,0,60.18,48.405,108.585,0,55.42201962,44.57798038,0,81.748,66.102,147.85,0,55.29117349,44.70882651,0,90.142,46.599,136.741,0,65.921706,34.078294,0,107.513,41.996,149.509,0,71.91072109,28.08927891,0,116.68,35.72,152.4,0,76.56167979,23.43832021,0,119.549,25.789,145.338,0,82.255845,17.744155
P,6,low,LM & SP & WB,27.673,31.044,58.104,116.821,23.68837795,26.57398927,49.73763279,36.179,34.325,54.383,124.887,28.96938833,27.4848463,43.54576537,41.862,37.51,49.706,129.078,32.43155301,29.05994825,38.50849874,43.847,39.796,46.091,129.734,33.79761666,30.67507361,35.52730973,46.73,34.609,37.573,118.912,39.29796825,29.10471609,31.59731566,50.307,37.601,37.158,125.066,40.22436154,30.06492572,29.71071274
